smiles,measured_log_solubility,original_split
CC(C)=CCCC(C)=CC(=O),0.3904129382012304,train
CCCC=C,0.09042127623869618,train
CCCCCCCCCCCCCC,-2.464346425635788,train
CC(C)Cl,0.7049203257425969,train
CCC(C)CO,1.1597463938793422,train
CCCCCCCCCC(C)O,-0.0353816787778503,train
CCOP(=S)(OCC)SCSCC,-0.6014949763523101,train
CCCCCCCO,0.5113773180248329,train
CCCCCCCC(=O)OC,-0.14666890821556458,train
CCOP(=S)(OCC)SCSC(C)(C)C,-0.9135830762972043,train
ClC(=C)Cl,0.5936330963048826,train
CCCCC=O,0.9758805365474663,train
CCCCCCCI,-0.9401952398583967,train
OCCCC=C,1.3145808000535535,train
CC(C)OC=O,1.0823291907922366,train
CCCCCC(C)O,0.6371802730413795,train
CCCCCCC#C,-0.38375909266982555,train
CC(C)CCC(C)(C)C,-1.0563210444890552,train
CCCC(=O)C,1.295226499281777,train
CCCOC(=O)CC,0.9903962621262988,train
CCC(Br)(CC)C(=O)NC(N)=O,0.09042127623869618,train
CCCCC(=O)OCC,0.2984800095352925,train
CC(C)CCOC(=O)C,0.4581529909024478,train
CCCBr,0.5500859195683857,train
COP(=S)(OC)SCC(=O)N(C)C=O,0.421863676955367,train
NC(=S)N,1.541993834121926,train
ClC(Cl)(Cl)C(Cl)(Cl)Cl,-0.38859766786276956,train
CCCN(=O)=O,1.0000734125121868,train
CCCOC(C)C,0.7387903520932055,train
ClCCl,1.0823291907922366,train
COC=O,1.6677967891384726,train
CC(C)C,0.15332275374696963,train
CCCCC,-0.15150748340850878,train
CCCC(=C)C,-0.07892885551434713,train
CC(C)C(C)C(C)C,-0.9353566646654526,train
CCCCCCCCC=C,-1.2788955033644838,train
CC(=O)OCC(COC(=O)C)OC(=O)C,1.096844916371069,train
CCCCCCCBr,-0.7563293825265209,train
CCOC(=O)CC(=O)OCC,0.9903962621262988,train
CC/C=C/C,0.15816132893991364,train
ClC=C(Cl)Cl,0.4387986901306714,train
CO,2.1468157332399382,train
CCC(=O)C,1.638765337980808,train
CCCCCCO,0.7871761040226466,train
CCCCCCl,0.06622840027397577,train
C=CC=C,0.48234586686716824,train
CCCOC(=O)C,1.0387820140557396,train
NC(=O)CCl ,1.3774822775618267,train
CCCCCC=O,0.7581446528649819,train
CC(C)=CCC/C(C)=C\CO,0.19686993048346646,train
CCN(=O)=O,1.2807107737029446,train
CCCC(C)(COC(N)=O)COC(N)=O ,0.5128288905827162,train
CI,0.903301908653305,train
CCCCC(=O)CCCC,0.13880702816813723,train
CCC(C)CC,-0.39343624305571373,train
ClCC#N,1.3426445361726291,train
CCCCCCCCC(=O)OCC,-0.45149914537104274,train
CCC(C)Cl,0.4387986901306714,train
CCCCC#C,0.2452556824129075,train
CCCCCCCC#C,-0.6643964538605833,train
CC(C)OC(C)C,0.8549161567238639,train
CNN,2.035528503802224,train
CC#C,1.1887778450370068,train
CCNP(=S)(OC)OC(=CC(=O)OC(C)C)C,-0.26182699780763413,train
C=CC=O,1.6629582139455283,train
CCCCl,0.6758888745849323,train
CCOC(=O)C,1.3678051271759384,train
CCCC(C)(C)C,-0.7224593561759126,train
CCCCOC(=O)CCCCCCCCC(=O)OCCCC,-0.4979494672233062,train
CC(=C)C=C,0.4049286637800628,train
CC(C)=CCCC(O)(C)C=C,0.4242829645518391,train
OCC(O)C(O)C(O)C(O)CO ,1.4161908791053794,train
CCCC(=O)CCC,0.7581446528649819,train
CC(=O)C(C)(C)C,1.0387820140557396,train
ClC(Cl)(Cl)C#N,0.33815632611743407,train
CCCCCCCCC(=O)C,-0.20957038572383782,train
CSC,1.1694235442652303,train
CCOC(=O)N,1.7984383193479634,train
CC(C)C(O)C(C)C,0.7968532544085347,train
CCCCBr,0.2404171072199633,train
CC(C)CC(=O)C,1.0291048636698517,train
OCC(O)C(O)C(O)C(O)CO,1.9145641239786217,train
CCS,1.096844916371069,train
ClCC(Cl)Cl,0.6710502993919881,train
CCCCCCCCl,-0.5482706492299249,train
ClC(Cl)C(Cl)Cl,0.5452473443754415,train
CCN(CC)C(=O)C(=CCOP(=O)(OC)OC)Cl,1.6402169105386912,train
CCCCCCCl,-0.12247603225084416,train
CCCCCCCCCCCCCCCCCCCCCCCCCC,-2.6453091378518976,train
CC(Cl)Cl,0.7629832280579261,train
ClC(Cl)(Cl)Cl,0.2694485583776279,train
COC(C)(C)C,1.2710336233170565,train
CCCCCCCCCCCCCCCCO,-1.9998432071131549,train
CCC(C)(C)CO,0.8839476078815285,train
CCCOC(=O)CCC,0.5404087691824975,train
CCCOC=O,1.150069243493454,train
CC(C)CC(C)C,-0.6740736042464713,train
CCCCCCCCCC(=O)OCC,-0.5966564011593657,train
CCCOCC,1.0678134652134041,train
CC(C)O,1.5952181612443113,train
ClC(Br)Br,0.46783014128833605,train
CCOC(=O)CC(SP(=S)(OC)OC)C(=O)OCC,-0.24344041207444664,train
C/C=C/C=O,1.541993834121926,train
CCCCCC(=O)OC,0.48234586686716824,train
CCC(=O)OC,1.3194193752464973,train
CCCC(=O)OC,0.4581529909024478,train
CCCCCC(=O)OCC,0.25009425760585147,train
CCCCCCC=C,-0.7611679577194654,train
CCCC(O)CC,1.0000734125121868,train
CCCCCCCC(C)O,0.06138982508103156,train
CCCC(=O)CC,0.9855576869333545,train
ClCBr,0.95652623577569,train
CCN(CC)C(=S)SSC(=S)N(CC)CC,-0.9643881158231176,train
CCCCCCCCO,0.23073995683407508,train
CCSCC,0.7387903520932055,train
ClCCCl,0.8742704574956403,train
CCC(C)(C)Cl,0.17267705451874604,train
ClCCBr,0.7484675024790938,train
CCCCCCCC=C,-1.0563210444890552,train
CCC(C)(O)CC,1.2129707210017273,train
CCCCC(C)O,0.95652623577569,train
CCCCCO,1.096844916371069,train
ClCCC#N ,1.246840747352336,train
CC(C)C(C)O,1.300065074474721,train
CCCCCCCCCC(=O)OC,-0.8821323375430679,train
CC(C)CBr,0.21138565606229867,train
CCI,0.612987397076659,train
CCCCCCBr,-0.45633772056398697,train
CCCC(C)C,-0.4224676942133784,train
BrC(Br)Br,0.46299156609539194,train
COP(=O)(OC)C(O)C(Cl)(Cl)Cl,1.2807107737029446,train
CC(C)Br,0.617825972269603,train
CC(C)CC(C)(C)C,-0.9063252135077883,train
CCC,0.44847584051655964,train
CCOC=C,0.9758805365474663,train
CCC#C,0.7871761040226466,train
CCCCC(C)(O)CC,0.612987397076659,train
CC#N,1.5129623829642616,train
ClCC(Cl)(Cl)Cl,0.3323500358859011,train
CCCCO,1.3871594279477149,train
CC(C)CCO,1.1403920931075657,train
CC(=C)C,0.2597714079917397,train
CC(=C)C(=C)C,0.22590138164113108,train
CCCI,0.2791257087635161,train
CCCO,1.687151089910249,train
CCCC(C)O,1.246840747352336,train
ClC(=C(Cl)C(=C(Cl)Cl)Cl)Cl,-0.9934195669807819,train
CCC(C)CCO,1.0436205892486838,train
CCCCI,-0.045058829163738504,train
CCCCCCCC(=O)OCC,-0.25311756246033484,train
CCSSCC,0.21622423125524287,train
CCOCCOCC,1.0145891380910192,train
CCCCCC=C,-0.41762911902043415,train
CCCCN(CC)C(=O)SCCC,-0.3208576151615521,train
CCCCOC=O,0.7242746265143732,train
BrC(Cl)Cl,0.6420188482343235,train
CBr,1.004911987705131,train
CC(C)C=C,0.06622840027397577,train
CC,0.7291132017073173,train
CC(=O)N,2.1516543084328825,train
CC(O)C(C)(C)C,1.0871677659851806,train
CCCC(=O)OCC,0.7291132017073173,train
CCCCCCCCCO,-0.06925170512845892,train
BrCBr,0.8210461303732552,train
CCSC(=O)N(CC(C)C)CC(C)C,-0.39343624305571373,train
O=N(=O)OCC(CON(=O)=O)ON(=O)=O ,0.3129957351141247,train
CCCCCl,0.4049286637800628,train
CCNC(=S)NCC,0.6807274497778764,train
CCCCC(=O)OC,0.7387903520932055,train
CCCCCOC(=O)CC,0.7678218032508701,train
CCBr,0.859754731916808,train
CCC#CCC,0.4242829645518391,train
CCC(=C)C,0.06622840027397577,train
CCOC(C)OCC,1.1791006946511184,train
CCCCOCCO,1.1839392698440627,train
ClCCCCl,0.6033102466907707,train
CC(C)C(C)C,-0.3789205174768813,train
CCC=C,0.44847584051655964,train
FC(F)(Cl)C(F)(Cl)Cl,-0.08376743070729133,train
CCC#N,1.5226395333501495,train
OCC(O)CO,1.929079849557454,train
CCCCOC,0.908140483846249,train
CN(C)C(=O)C,1.9242412743645099,train
C=C,1.1936164202299508,train
CC(C)(C)CCO,1.1452306683005098,train
CC(C)SC(C)C,0.30331858472823653,train
CCOP(=S)(OCC)SCSP(=S)(OCC)OCC,-1.2934112289433162,train
CCCC(C)(C)CO,0.6516959986202118,train
CCCOC,1.198454995422895,train
CC(C)OC(=O)C,1.1210377923357893,train
ClC=C,0.5404087691824975,train
BrC(Br)(Br)Br,-0.13215318263673237,train
CCCCCCCCC,-1.4579227855034154,train
CCCCCC(C)C,-1.0708367700678876,train
CCC(O)C(C)C,1.0484591644416281,train
CCCCCCC,-0.8047151344559622,train
CCCCCC(=O)C,0.6855660249708205,train
COP(=O)(NC(C)=O)SC ,1.6484424883666962,train
CCCCSP(=O)(SCCCC)SCCCC,-1.099868221225552,train
CC=C(C)C,0.14848417855402543,train
CCCC(C)(O)CC,0.9129790590391931,train
CCCCCCCC,-1.1482539731549932,train
CCC=O,1.6677967891384726,train
ClC(Cl)Cl,0.8210461303732552,train
CCCCC(CC)C=O,0.35654291185062176,train
CCC(CC)C=O,0.6516959986202118,train
CCCOCCC,0.6033102466907707,train
CCCCCCCCCCCCCCO,-1.4385684847316391,train
NC(=O)N,1.8516626464703483,train
CCCC#C,0.5936330963048826,train
CCCCCCCCCCCCCCCCCCO,-2.677243734125329,train
CC(C)CCOC=O,0.6516959986202118,train
CCOP(=O)(OCC)OCC,1.5952181612443113,train
CC(C)N(=O)=O,1.0871677659851806,train
OCC(O)C(O)CO,1.7258596914538016,train
CNC(=O)C=C(C)OP(=O)(OC)OC,1.7021506730083755,train
CCC(C)C(C)C,-0.6837507546323598,train
CCCCCC#C,-0.06925170512845892,train
ClCC(C)C,0.419444389358895,train
CCCCCCCCCCCC(=O)OC,-0.8821323375430679,train
CCCSCCC,0.13880702816813723,train
CCCCCBr,-0.10312173147906775,train
CCCC/C=C/C,-0.461176295756931,train
CC(Cl)(Cl)Cl,0.419444389358895,train
CCOCC,1.343612251211218,train
COCOC,1.6194110372090316,train
CCC(C)O,1.6145724620160875,train
C=CCS(=O)SCC=C,0.9855576869333545,train
CC(C)COC=O,0.8984633334603608,train
CCCCCC,-0.4708534461428192,train
COP(=O)(OC)OC(Br)C(Cl)(Cl)Br,0.28396428395646034,train
CC(C)CC(C)(C)O,0.9420105101968578,train
CCC(C)(C)C,-0.33053476554744027,train
C=CCC=C,0.37589721262239817,train
CCCCCC(O)CC,0.42912153974478323,train
CCCC(C)CO,0.8500775815309198,train
CCCCC(C)(C)O,0.8645933071097521,train
COC(C)(C)CCCC(C)CC=CC(C)=CC(=O)OC(C)C,-1.124061097190273,train
CCOC(=O)CC,1.0678134652134041,train
NC(N)=NC#N ,1.2371635969664478,train
ClC(Cl)(Cl)N(=O)=O,0.419444389358895,train
CCCCCCC(=O)OCC,0.06138982508103156,train
COC(=O)C,1.6097338868231434,train
CCCC(O)C=C,1.101683491564013,train
CCCCOCCCC,0.49202301725305647,train
CCCCCCCCCCCCO,-0.9353566646654526,train
CCCC(C)(C)O,1.150069243493454,train
CCCCCC(C)(C)O,0.5549244947613298,train
C,0.951687660582746,train
CCC(C)C(=O)C,1.0629748900204603,train
CN(=O)=O,1.5129623829642616,train
CC(C)N(C(C)C)C(=O)SCC(Cl)=C(Cl)Cl,-0.9740652662090055,train
C=CCCC=C,0.09042127623869618,train
CCCCC=C,-0.1757003593732292,train
CCCCCCCC(=O)C,0.13880702816813723,train
C#C,1.5274781085430937,train
CCOC(=O)N(C)C(=O)CSP(=S)(OCC)OCC,0.16880619436439076,train
CC(Cl)CCl,0.612987397076659,train
CCCC=C(CC)C=O,0.19686993048346646,train
CCOP(=S)(OCC)SCCSCC,-0.6595578786676394,train
CCCCCCCCCCCCCCCO,-1.685335819571788,train
CC(C)I,0.37589721262239817,train
CC(C)C(=O)C,1.3290965256323857,train
CCCCCCCCCCCCCCCC,-2.677243734125329,train
CCCCCCC(=O)C,0.3952515133941746,train
CCCCCCCCC(=O)OC,-0.24827898726739064,train
CCO,1.9194026991715658,train
CCCCCCCCBr,-1.0611596196819992,train
CCC(O)CC,1.2710336233170565,train
CC(C)CCCO,0.8355618559520875,train
CCC(C)(C)O,1.4597380558418762,train
CCOC=O,1.4597380558418762,train
CCCCS,0.3323500358859011,train
ClC(=C(Cl)Cl)Cl,0.15816132893991364,train
CCC(=O)CC,1.2516793225452802,train
C=CC#N,1.4597380558418762,train
CCCCC(=O)C,1.0000734125121868,train
CCCCC(C)CC,-1.1095453716114405,train
BrCCBr,0.5742787955331062,train
COC(=O)C=C,1.2807107737029446,train
CCC(O)(CC)CC,0.9758805365474663,train
CC(C)C(=O)C(C)C,0.7581446528649819,train
CSSC,0.6904046001637646,train
CCCCC(O)CC,0.6758888745849323,train
CCCCC(CC)CO,0.36622006223651,train
CC(C)N(C(C)C)C(=O)SCC(=CCl)Cl,-0.6866538997481263,train
CN(C)C(=S)SSC(=S)N(C)C ,-0.4998848973004838,train
CCCCCCCCCCO,-0.3692433670909931,train
CCC(C)(C)CC,-0.6595578786676394,train
CNC(=O)C(C)SCCSP(=O)(OC)(OC),1.9406924300205197,train
CCCC=O,1.3823208527547708,train
CCCC,0.14364560336108143,train
ClC(Cl)C(Cl)(Cl)Cl,0.12912987778224902,train
CC(C)CO,1.435545179877156,train
ICI,0.2549328327987957,train
CCCC(O)CCC,0.709758900935541,train
CCCCCOC(=O)C,0.4726687164812801,train
FC(F)(Cl)C(F)(F)Cl,0.06138982508103156,train
CC=CC=O,1.541993834121926,train
CN(C)C(=O)N(C)C ,1.8419854960844602,train
CCN(CC)C(=S)SCC(Cl)=C,-0.25311756246033484,train
ClCC,0.8742704574956403,train
CC/C=C\C,0.15816132893991364,train
CNC(=O)ON=C(CSC)C(C)(C)C ,0.6033102466907707,train
CCCCCCCCCCCCCCCCCCCC,-2.5669242197262037,train
CCC(CC)CO,0.8210461303732552,train
Cl\C=C/Cl,0.7581446528649819,train
CC(C)CC(C)O,1.0000734125121868,train
CC(C)(C)CO,1.1936164202299508,train
CC=C,0.8645933071097521,train
CCCCCCC(C)O,0.37589721262239817,train
CC(C)COC(=O)C,0.8016918296014789,train
CC(C)C(C)(C)C,-0.7224593561759126,train
FC(F)(F)C(Cl)Br ,0.5597630699542739,train
CNC(=O)ON=C(SC)C(=O)N(C)C,1.4384483249929223,train
CCSCCSP(=S)(OC)OC,-0.10844416419130631,train
CCC(C)C,-0.15150748340850878,train
N#Cc1ccccc1,0.903301908653305,train
CCOc1ccc(NC(=O)C)cc1,0.25009425760585147,train
CCN(CC)c1c(cc(c(N)c1N(=O)=O)C(F)(F)F)N(=O)=O,-1.2595412025927073,train
CCc1ccc(CC)cc1,-0.4273062694063224,train
CN(C)C(=O)SCCCCOc1ccccc1,-0.5129490503214329,train
CC(=O)Nc1ccc(Br)cc1,-0.10457330403695103,train
Cc1ccccc1O,1.0871677659851806,train
Nc1ccc(O)cc1,1.0000734125121868,train
Cc1ccc(C)cc1,0.046874099502199354,train
CCc1ccccc1CC,-0.19989323533794962,train
O=N(=O)c1c(Cl)c(Cl)ccc1,-0.2966647391968317,train
c1(C#N)c(Cl)c(C#N)c(Cl)c(Cl)c(Cl)1,-1.341796980872757,train
CC(C)c1ccccc1,-0.1950546601450056,train
Oc1ccccc1N(=O)=O,0.5452473443754415,train
Oc1c(I)cc(C#N)cc1I,-0.3595662167051049,train
c1ccccc1O,1.3871594279477149,train
COP(=S)(OC)SCC(=O)N(C(C)C)c1ccc(Cl)cc1,-0.7572970975651101,train
CCCCCCc1ccccc1,-1.1337382475761608,train
Clc1cc(Cl)c(Cl)c(Cl)c1Cl,-1.3466355560657013,train
Oc1cccc(c1)N(=O)=O,0.8984633334603608,train
CCSCc1ccccc1OC(=O)NC ,0.37589721262239817,train
CC(C)(C)c1ccc(O)cc1,0.22106280644818688,train
Clc1cccc(I)c1,-0.33053476554744027,train
Cc1cccc(C)c1,0.022681223537478944,train
Oc1cccc(O)c1,1.779084018576187,train
COP(=S)(OC)Oc1cc(Cl)c(I)cc1Cl,-1.8159773497812788,train
Cc1ccc(Cl)cc1,-0.10312173147906775,train
CCCCOC(=O)c1ccc(N)cc1,-0.10408944651765646,train
CCN(CC(C)=C)c1c(cc(cc1N(=O)=O)C(F)(F)F)N(=O)=O,-1.5759840202112514,train
Clc1ccc(Cl)c(Cl)c1Cl,-0.8240694352277387,train
CCOP(=S)(CC)Oc1cc(Cl)c(Cl)cc1Cl,-1.3959890230337313,train
Clc1cc(Cl)c(Cl)c(Cl)c1,-0.853100886385403,train
Nc1ccccc1O,1.0387820140557396,train
COCC(=O)N(C(C)C(=O)OC)c1c(C)cccc1C ,0.6125035395573646,train
CNC(=O)Oc1ccccc1OC(C)C,0.3952515133941746,train
Cc1ccccc1Cl,-0.3160190399686081,train
CCOP(=S)(OCC)ON=C(C#N)c1ccccc1,-0.9653558308617063,train
Fc1ccccc1,0.5162158932177769,train
Cc1cc(C)c(C)c(C)c1C,-0.5482706492299249,train
CCOP(=S)(OCC)SCSc1ccc(Cl)cc1,-1.3882473027250208,train
Cc1ccc(cc1N(=O)=O)N(=O)=O,0.022681223537478944,train
CNC(=O)Oc1cccc(N=CN(C)C)c1,0.2549328327987957,train
COP(=S)(OC)Oc1ccc(SC)c(C)c1,-0.8240694352277387,train
NC(=S)Nc1ccccc1,0.5307316187966092,train
Oc1ccc(Cl)cc1,1.0484591644416281,train
Cc1cccc(N)c1,0.9758805365474663,train
CCOC(=O)c1ccc(N)cc1,0.12138815747353844,train
Clc1ccc(Cl)c(Cl)c1,-0.3498890663192167,train
Oc1ccccc1O,1.687151089910249,train
Cc1ccccc1Br,0.3081571599211807,train
CCNc1ccccc1,0.564601645147218,train
CN(C)C(=O)Nc1ccc(Cl)cc1,-0.011188802813129888,train
Brc1cc(Br)c(Br)cc1Br,-1.9901660567272668,train
COc1ccc(Cl)cc1,0.042035524309255355,train
COP(=S)(OC)Oc1ccc(N(=O)=O)c(C)c1,-0.5676249500017012,train
NC(=O)c1ccccc1O,0.5065387428318887,train
Cc1ccccc1N(=O)=O,0.2597714079917397,train
CCc1ccccc1C,-0.166023208987341,train
CCCCOC(=O)c1ccccc1C(=O)OCCCC ,-0.741813656947689,train
COc1c(O)c(Cl)c(Cl)c(Cl)c1Cl ,-0.5579477996158129,train
COc1ccc(cc1)N(=O)=O,0.22106280644818688,train
Nc1ccc(cc1)S(N)(=O)=O,0.7387903520932055,train
CCCN(CCC)c1c(cc(cc1N(=O)=O)C(C)C)N(=O)=O,-1.7530758722730055,train
CCOP(=S)(NC(C)C)Oc1ccccc1C(=O)OC(C)C,-0.6421390079730404,train
Clc1cccc(Cl)c1Cl,-0.5482706492299249,train
O=N(=O)c1cc(Cl)c(Cl)cc1,-0.161184633794397,train
CCOc1ccc(NC(N)=O)cc1,0.33718861107884535,train
COc1ccc(C=CC)cc1,-0.12731460744378817,train
CC(C)c1ccc(NC(=O)N(C)C)cc1,-0.32376076027731865,train
Cc1c(cc(cc1N(=O)=O)N(=O)=O)N(=O)=O,-0.1708617841802852,train
CC(C)OP(=S)(OC(C)C)SCCNS(=O)(=O)c1ccccc1,-0.6450421530888069,train
CC(C)c1ccccc1C,-0.43214484459926633,train
Nc1cccc(Cl)c1,0.7242746265143732,train
CN(C)C(=O)Nc1cccc(c1)C(F)(F)F,-0.27247186323211126,train
Cc1cccc(O)c1,1.058136314827516,train
O=N(=O)c1ccc(cc1)N(=O)=O,-0.25311756246033484,train
CN(C)C(=O)Nc1ccccc1,0.612987397076659,train
ClCc1ccccc1,0.23073995683407508,train
CON(C)C(=O)Nc1ccc(Br)c(Cl)c1,-0.5114974777635497,train
CC(=O)Nc1ccc(F)cc1,0.5258930436036652,train
CCc1cccc(CC)c1N(COC)C(=O)CCl ,-0.1902160849520614,train
Clc1ccc(cc1)N(=O)=O,-0.025704528391962092,train
Clc1ccccc1N(=O)=O,0.15332275374696963,train
CCCCN(C)C(=O)Nc1ccc(Cl)c(Cl)c1,-0.9208409390866202,train
O=N(=O)c1ccccc1,0.5162158932177769,train
Ic1ccccc1,-0.06925170512845892,train
COc1ccccc1OCC(O)COC(N)=O,0.9105597714427212,train
CCCCOCN(C(=O)CCl)c1c(CC)cccc1CC ,-0.6402035778958629,train
Oc1cccc(Cl)c1Cl,0.7581446528649819,train
CCC(=O)Nc1ccc(Cl)c(Cl)c1,-0.06441312993551492,train
Cc1ccc(N)cc1,0.8016918296014789,train
c1ccccc1(OC(=O)NC),0.5147643206598937,train
Cc1cccc(C)c1C,-0.161184633794397,train
CNC(=O)Oc1ccc(N(C)C)c(C)c1,0.2452556824129075,train
Oc1c(Br)cc(C#N)cc1Br ,-0.22408611130267023,train
Oc1c(Cl)c(Cl)c(Cl)c(Cl)c1Cl,-0.6837507546323598,train
NC(=O)NCc1ccccc1 ,0.9274947846180255,train
CN(C)C(=O)Nc1ccc(C)c(Cl)c1,-0.298116311754715,train
CON(C)C(=O)Nc1ccc(Cl)c(Cl)c1,-0.3508567813578056,train
CS(=O)(=O)c1ccc(cc1)C(O)C(CO)NC(=O)C(Cl)Cl ,0.3449303313875559,train
Oc1ccc(cc1)N(=O)=O,1.0291048636698517,train
Nc1ccccc1N(=O)=O,0.4387986901306714,train
Cc1c(cccc1N(=O)=O)N(=O)=O,-0.06441312993551492,train
c1(Br)c(Br)cc(Br)cc1,-0.7901994088771298,train
c1(O)c(C)ccc(C(C)C)c1,0.3807357878153422,train
CN(C)C=Nc1ccc(Cl)cc1C,0.00332692276570253,train
Nc1ccc(cc1)N(=O)=O,0.2404171072199633,train
Clc1ccccc1,0.23557853202701928,train
Brc1ccc(I)cc1,-0.8192308600347942,train
CCCCCc1ccccc1,-0.857939461578347,train
Oc1ccc(Cl)c(Cl)c1,0.7823375288297024,train
CCN(CC)c1ccccc1,-0.07892885551434713,train
Fc1cccc(F)c1,0.419444389358895,train
CC(C)(C)Cc1ccccc1,-0.6208492771240866,train
Clc1ccccc1I,-0.3256961903544963,train
Cc1cccc(C)c1O,0.7629832280579261,train
COP(=S)(OC)Oc1ccc(cc1Cl)N(=O)=O,-0.6982664802111918,train
CCc1cccc(C)c1N(C(C)COC)C(=O)CCl ,0.06622840027397577,train
OCc1ccccc1,1.1936164202299508,train
Oc1ccc(Br)cc1,0.859754731916808,train
O=N(=O)c1cc(cc(c1)N(=O)=O)N(=O)=O,-0.011188802813129888,train
Brc1ccc(Br)cc1,-0.5821406755805336,train
Clc1ccc(Cl)cc1,-0.1950546601450056,train
Clc1cc(Cl)cc(Cl)c1,-0.7805222584912418,train
O=Cc1ccccc1,0.811368979987367,train
NC(=N)NS(=O)(=O)c1ccc(N)cc1 ,0.4242829645518391,train
COC(=O)c1ccc(O)cc1,0.503151740196828,train
Cc1ccc(O)c(C)c1,0.811368979987367,train
Clc1cccc(c1)N(=O)=O,0.046874099502199354,train
FC(F)(F)c1ccccc1,0.17267705451874604,train
CCCCCCOC(=O)c1ccccc1C(=O)OCCCCCC,-1.5856611705971397,train
COC(=O)c1ccccc1C(=O)OC,0.5839559459189945,train
Clc1cc(Cl)c(Cl)cc1Cl,-1.303088379329204,train
Nc1ccccc1Cl,0.6516959986202118,train
COc1cccc(Cl)c1,0.042035524309255355,train
Oc1ccc(C=O)cc1,0.9226562094250813,train
Fc1ccccc1Br,0.08074412585280798,train
Oc1ccc(Cl)cc1Cl,0.6371802730413795,train
Cc1ccccc1N,0.31783431030706893,train
c1(OC)ccc(CC=C)cc1,-0.025704528391962092,train
CN(C)C(=O)Nc1cccc(OC(=O)NC(C)(C)C)c1 ,-0.030543103584906302,train
Clc1ccccc1Cl,-0.08860600590023533,train
Nc1cccc(c1)N(=O)=O,0.32751146069295717,train
Oc1cc(Cl)cc(Cl)c1Cl,0.09525985143164038,train
Nc1ccccc1,1.1887778450370068,train
Brc1cc(Br)cc(Br)c1,-1.3224426801009805,train
COP(=S)(OC)Oc1cc(Cl)c(Cl)cc1Cl,-1.3805055824163097,train
COc1cc(CC=C)ccc1O,0.6323416978484353,train
Clc1c(Cl)c(Cl)c(N(=O)=O)c(Cl)c1Cl,-1.428891334345751,train
COC(=O)c1cc(O)c(O)c(O)c1 ,0.7871761040226466,train
Fc1cccc(Br)c1,0.09525985143164038,train
Clc1ccc(Br)cc1,-0.3692433670909931,train
COc1ccccc1N(=O)=O,0.4387986901306714,train
CCC(C)c1cc(cc(N(=O)=O)c1O)N(=O)=O ,-0.24827898726739064,train
COc1ccccc1O ,0.4387986901306714,train
Oc1ccc(Cl)c(Cl)c1Cl,0.09525985143164038,train
COc1ccccc1,0.49202301725305647,train
CCc1ccc(C)cc1,-0.11763745705789995,train
O=N(=O)c1cccc(c1)N(=O)=O,0.2791257087635161,train
Nc1ccc(Cl)cc1,0.5839559459189945,train
CC(C)(C)c1ccccc1,-0.38375909266982555,train
Brc1ccccc1,0.15332275374696963,train
CCOC(=O)c1ccc(O)cc1,0.25009425760585147,train
COC(=O)c1ccccc1,0.49202301725305647,train
CN(C)C(=O)Nc1ccc(Cl)c(Cl)c1,-0.45149914537104274,train
Oc1ccccc1Cl,0.8742704574956403,train
CCOc1ccccc1,0.2597714079917397,train
CCOC(=O)C=Cc1ccccc1,-0.06441312993551492,train
Cc1ccc(cc1)S(=O)(=O)N,0.5452473443754415,train
CC(OC(=O)Nc1cccc(Cl)c1)C#C,0.12090429995424408,train
CCOP(=S)(OCC)Oc1ccc(cc1)S(C)=O ,0.2742871335705721,train
Cc1ccc(C)c(C)c1,-0.21440896091678202,train
Oc1cc(Cl)c(Cl)cc1Cl,0.31783431030706893,train
NNc1ccccc1,1.4210294542983235,train
Oc1c(Cl)ccc(Cl)c1Cl,0.1097755770104726,train
Brc1cccc(Br)c1,-0.3256961903544963,train
CC(=O)Nc1ccccc1,0.7436289272861496,train
CC(=O)c1ccccc1,0.7678218032508701,train
CCCOC(=O)c1ccc(N)cc1,0.20074079063782174,train
CCOC(=O)c1ccccc1,0.26460998318468393,train
CON(C)C(=O)Nc1ccc(Cl)cc1,0.14364560336108143,train
Cc1ccc(Br)cc1,-0.1563460586014528,train
CCCCN(CC)c1c(cc(cc1N(=O)=O)C(F)(F)F)N(=O)=O,-1.288572653750372,train
Cc1cc(C)c(O)c(C)c1,0.3952515133941746,train
c1ccccc1,0.5936330963048826,train
Clc1ccc(I)cc1,-0.5627863748087573,train
COc1ccc(NC(=O)N(C)C)cc1Cl,0.1465487484768478,train
CC(C)N(C(=O)CCl)c1ccccc1 ,0.18719278009757825,train
C=Cc1ccccc1,0.022681223537478944,train
Cc1ccccc1C,0.03235837392336715,train
Oc1ccc(O)cc1,1.3049036496676651,train
c1(O)cc(O)ccc1CCCCCC,0.13396845297519322,train
Oc1c(Cl)cc(Cl)c(Cl)c1Cl,-0.11279888186495596,train
Clc1cccc(Cl)c1,-0.08376743070729133,train
c1ccccc1SC,0.23073995683407508,train
CCCCC(CC)COC(=O)c1ccccc1C(=O)OCC(CC)CCCC,-1.980488906341378,train
Cc1cc(C)cc(O)c1,0.709758900935541,train
ClCC#CCOC(=O)Nc1cccc(Cl)c1,-0.7272979313688566,train
CC(=O)Nc1ccc(Cl)cc1,0.011552500593707452,train
CNc1ccccc1,0.7678218032508701,train
Cc1cc(cc(N(=O)=O)c1O)N(=O)=O,0.682662879855054,train
Oc1cccc(Cl)c1,1.0484591644416281,train
Clc1cccc(Br)c1,-0.166023208987341,train
OCCOc1ccccc1,1.0484591644416281,train
CCc1ccccc1,0.046874099502199354,train
CC(C#C)N(C)C(=O)Nc1ccc(Cl)cc1,-0.4998848973004838,train
COc1ccc(C=O)cc1,0.6662117241990441,train
CC(=O)Nc1ccc(cc1)N(=O)=O,0.08461498600716326,train
CC(=O)Nc1ccc(O)cc1,0.8887861830744727,train
CCCCOc1ccc(C(=O)OCC)c(c1)N(CC)CC ,-0.4708534461428192,train
Cc1c(C)c(C)c(C)c(C)c1C,-1.1434153979620492,train
CC(C)c1ccc(C)cc1O,0.3129957351141247,train
CCOP(=S)(OCC)Oc1ccc(cc1)N(=O)=O,-0.8676166119642355,train
CC(C)OC(=O)Nc1cccc(Cl)c1,-0.24827898726739064,train
CC(O)c1ccccc1,0.9420105101968578,train
c1(C(=O)OCCCCCC(C)(C))c(C(=O)OCCCCCC(C)(C))cccc1,-1.824202927609284,train
Cc1cc(C)cc(C)c1,-0.25795613765327885,train
CCCCCCCCOC(=O)c1ccccc1C(=O)OCCCCCCCC ,-1.087771783243192,train
O=N(=O)c1ccccc1N(=O)=O,-0.11279888186495596,train
Fc1ccc(F)cc1,0.4339601149377273,train
CCCN(CCC)c1c(cc(cc1N(=O)=O)C(F)(F)F)N(=O)=O,-1.3611512816445335,train
c1c(NC(=O)OC(C)C(=O)NCC)cccc1,0.5017001676389446,train
Cc1ccc(cc1)N(=O)=O,0.18235420490463403,train
Cc1ccc(O)cc1,1.0339434388627957,train
CN(C)c1ccccc1,0.4581529909024478,train
CNC(=O)Oc1ccccc1C(C)C,0.0018753502078192451,train
COc1ccccc1Cl,0.19686993048346646,train
COP(=S)(OC)Oc1cc(Cl)c(Br)cc1Cl,-1.5595328645552415,train
CC(C)c1ccc(C)cc1,-0.43698341979221056,train
Oc1c(Cl)cccc1Cl,0.5210544684107211,train
OCC(NC(=O)C(Cl)Cl)C(O)c1ccc(cc1)N(=O)=O,0.3657362047172154,train
Brc1ccccc1Br,-0.3063418895827199,train
Oc1c(Cl)cc(Cl)cc1Cl,0.2549328327987957,train
CCCN(CCC)c1c(cc(cc1N(=O)=O)S(N)(=O)=O)N(=O)=O,-1.1095453716114405,train
Cc1ccc(O)cc1C,0.7194360513214292,train
Sc1ccccc1,0.36138148704356576,train
CNC(=O)Oc1cc(C)cc(C)c1,0.13832317064884264,train
NC(=O)c1ccccc1,0.9226562094250813,train
Clc1ccccc1Br,-0.1563460586014528,train
Oc1cc(Cl)cc(Cl)c1,0.7387903520932055,train
Cc1ccccc1,0.31783431030706893,train
Oc1cc(Cl)c(Cl)c(Cl)c1Cl,-0.13699175782967637,train
COc1ccccc1O,0.4387986901306714,train
CCOC(=O)c1ccccc1C(=O)OCC,0.25009425760585147,train
CC(C)Cc1ccccc1,-0.606333551545254,train
Oc1c(Cl)c(Cl)cc(Cl)c1Cl,-0.24344041207444664,train
CCCc1ccccc1,-0.24344041207444664,train
Cc1cc(C)c(C)cc1C,-0.8337465856136266,train
CC(=O)Nc1cc(NS(=O)(=O)C(F)(F)F)c(C)cc1C,-0.1805389345661734,train
c1(C(C)(C)C)cc(C(C)(C)C)cc(OC(=O)NC)c1,-0.6643964538605833,train
CCCCc1ccccc1,-0.5773021003875892,train
N#Cc1ccccc1C#N,0.23557853202701928,train
Cc1cccc(c1)N(=O)=O,0.20654708086935467,train
COP(=O)(OC)OC(=CCl)c1cc(Cl)c(Cl)cc1Cl,-0.800844274301607,train
Clc1cc(Cl)c(c(Cl)c1)c2c(Cl)cccc2Cl,-2.154677613287366,train
Clc1ccc(c(Cl)c1)c2c(Cl)ccc(Cl)c2Cl ,-2.207901940409751,train
c1c(Cl)cccc1c2ccccc2,-0.9740652662090055,train
Clc1cccc(c1Cl)c2c(Cl)c(Cl)cc(Cl)c2Cl ,-2.7740152379842105,train
Clc1cc(Cl)c(Cl)c(c1Cl)c2c(Cl)c(Cl)cc(Cl)c2Cl ,-3.0401368735961363,train
Clc1ccccc1c2ccccc2Cl ,-1.1627696987338252,train
Clc1cccc(c1)c2cc(Cl)ccc2Cl ,-1.5208242630116886,train
Clc1ccc(Cl)c(c1)c2ccc(Cl)c(Cl)c2,-2.120807586936757,train
Clc1ccccc1c2ccccc2,-0.8095537096489062,train
Clc1ccc(cc1)c2ccccc2Cl ,-1.1676082739267697,train
Clc1ccc(cc1)c2ccc(Cl)cc2 ,-1.786945898623614,train
Cc1ccc(cc1)c2ccccc2,-0.8482623111924591,train
Clc1cc(c(Cl)c(Cl)c1Cl)c2cc(Cl)c(Cl)c(Cl)c2Cl,-3.04497544878908,train
Clc1cc(Cl)c(cc1Cl)c2cccc(Cl)c2Cl ,-2.1014532861649804,train
Clc1ccc(cc1)c2cccc(Cl)c2Cl ,-1.6563043684141237,train
Clc1ccc(cc1Cl)c2ccccc2 ,-1.7046901203435645,train
Clc1cccc(c1Cl)c2cccc(Cl)c2Cl,-2.1353233125155895,train
Oc1ccc(cc1)c2ccccc2,-0.2966647391968317,train
Clc1ccc(c(Cl)c1)c2cc(Cl)ccc2Cl ,-1.7917844738165585,train
Clc1ccc(c(Cl)c1)c2ccc(Cl)c(Cl)c2Cl ,-2.3869292225486824,train
Clc1ccc(c(Cl)c1Cl)c2ccc(Cl)c(Cl)c2Cl ,-2.488539301600509,train
Nc1ccc(cc1)c2ccc(N)cc2,0.08074412585280798,train
Clc2c(Cl)c(Cl)c(c1ccccc1)c(Cl)c2Cl ,-2.444992124864012,train
Clc1c(Cl)c(Cl)c(c(Cl)c1Cl)c2c(Cl)c(Cl)c(Cl)c(Cl)c2Cl ,-4.22558779586744,train
Clc1ccc(c(Cl)c1)c2c(Cl)c(Cl)c(Cl)c(Cl)c2Cl,-2.444992124864012,train
Clc1ccc(Cl)c(c1)c2cc(Cl)c(Cl)c(Cl)c2Cl,-2.3288663202333533,train
Clc1ccc(Cl)c(c1)c2cccc(Cl)c2Cl ,-1.7433987218871172,train
Clc1ccc(Cl)c(c1)c2c(Cl)c(Cl)cc(Cl)c2Cl ,-2.203063365216807,train
Clc1ccc(cc1Cl)c2cc(Cl)c(Cl)c(Cl)c2Cl ,-2.396606372934571,train
c1ccc(cc1)c2ccccc2,-0.7152014933864962,train
Clc1cc(Cl)c(c(Cl)c1)c2c(Cl)cc(Cl)cc2Cl ,-2.8272395651065962,train
Clc1ccc(Cl)c(c1)c2c(Cl)c(Cl)c(Cl)c(Cl)c2Cl,-2.93852679454431,train
Clc1ccc(cc1)c2cc(Cl)ccc2Cl ,-1.6369500676423472,train
Clc1ccc(c(Cl)c1)c2cc(Cl)c(Cl)c(Cl)c2Cl ,-2.188547639637974,train
Clc1cccc(Cl)c1c2ccccc2 ,-1.1337382475761608,train
Clc1ccc(cc1)c2c(Cl)cccc2Cl ,-1.5837257405199618,train
Clc1cccc(Cl)c1c2c(Cl)cccc2Cl ,-2.188547639637974,train
Clc1cc(Cl)c(cc1Cl)c2cc(Cl)c(Cl)cc2Cl ,-2.7546609372124347,train
Clc1ccc(c(Cl)c1Cl)c2c(Cl)cc(Cl)c(Cl)c2Cl ,-2.3191891698474656,train
Clc1ccc2ccccc2c1,-0.616010701931142,train
Cc1ccc(C)c2ccccc12,-0.616010701931142,train
Cc1cc(C)c2ccccc2c1,-0.6885893298253037,train
CCc1cccc2ccccc12,-0.6305264275099745,train
Brc1cccc2ccccc12,-0.7176207809829681,train
Nc1cccc2ccccc12,0.4581529909024478,train
Oc1ccc2ccccc2c1,0.28396428395646034,train
c1c(Br)ccc2ccccc12 ,-0.741813656947689,train
c1ccc2ccccc2c1,-0.3547276415121609,train
Ic1cccc2ccccc12,-0.8143922848418502,train
Cc1ccc2ccccc2c1,-0.43698341979221056,train
Clc1cccc2ccccc12,-0.5144006228793162,train
Brc1ccc2ccccc2c1,-0.741813656947689,train
CCc1ccc2ccccc2c1,-0.6885893298253037,train
Cc1cccc2ccccc12,-0.40311339344160196,train
CCN(CC)C(=O)C(C)Oc1cccc2ccccc12 ,-0.3402119159333285,train
Cc1ccc2cc(C)ccc2c1,-0.9789038414019495,train
Cc1cccc2c(C)cccc12,-0.8768099048308289,train
Oc1cccc2ccccc12,0.3129957351141247,train
Cc1cc2ccccc2cc1C,-0.8966480631218998,train
O=N(=O)c1cccc2ccccc12,-0.3256961903544963,train
CNC(=O)Oc1cccc2ccccc12,-0.17279721425746283,train
CCCCC1(CC)C(=O)NC(=O)NC1=O,0.5834720883997,train
CCC1(CCC(C)C)C(=O)NC(=O)NC1=O,0.19299907032911118,train
O=C1NC(=O)NC(=O)C1(CC)C(C)CC,0.23073995683407508,train
O=C1NC(=O)NC(=O)C1(C)CC=C,0.8258847055661994,train
CCC(C)C1(CC=C)C(=O)NC(=O)NC1=O,0.41170266905018443,train
O=C1NC(=O)NC(=O)C1(C(C)C)C(C)C,0.048809529579376995,train
O=C1NC(=O)NC(=O)C1(CC)CC,0.22590138164113108,train
CCC1(CC)C(=O)NC(=O)N(C)C1=O ,0.3081571599211807,train
O=C1NC(=O)NC(=O)C1(C(C)CCC)CC=C,0.24719111249008513,train
O=C1NC(=O)NC(=O)C1(CC)C(C)CCC,0.23073995683407508,train
O=C1NC(=O)NC(=O)C1(C(C)C)CC=C,0.5607307849928627,train
O=C1NC(=O)NC(=O)C1(CC)CC=C,0.6062133918065372,train
CCC1(C(C)C)C(=O)NC(=O)NC1=O ,0.31783431030706893,train
O=C1NC(=O)NC(=O)C1(CC=C)CC=C,0.3821873603732255,train
O=C1NC(=O)NC(=O)C1(CC)CCC(C)C,0.10106614166317332,train
O=C1NC(=O)NC(=O)C1(CC)C(C)C,0.34783347650332225,train
O=C1NC(=O)NC(=O)C1(C)CC,0.7929823942541795,train
O=C1NC(=O)NC(=O)C1(CC)CC=C(C)C,0.2970284369774092,train
CCC(C)C1(CC(Br)=C)C(=O)NC(=O)NC1=O ,0.10638857437541188,train
O=C1NC(=O)NC(=O)C1(C)C,0.5442796293368528,train
O=C1NC(=O)NC(=O)C1(C(C)C)CC=C(C)C,0.13251688041730994,train
CC12CCC3C(CCC4=CC(=O)CCC34C)C2CCC1C(=O)CO,-0.2821490136179995,train
CC34CC(O)C1(F)C(CCC2=CC(=O)CCC12C)C3CCC4(O)C(=O)CO ,-0.27247186323211126,train
CC12CCC(=O)C=C1CCC3C2CCC4(C)C3CCC4(O)C#C ,-1.3514741312586454,train
CC1(O)CCC2C3CCC4=CC(=O)CCC4(C)C3CCC21C,-0.5477867917106305,train
CC12CC(O)C3C(CCC4=CC(=O)CCC34C)C2CCC1(O)C(=O)CO,-0.10796030667201174,train
CC(=O)OCC(=O)C3CCC4C2CCC1=CC(=O)CCC1(C)C2CCC34C ,-0.853100886385403,train
CC(=O)C1CCC2C3CCC4=CC(=O)CCC4(C)C3CCC12C,-0.751490807333577,train
CC(=O)OC3CCC4C2CCC1=CC(=O)CCC1(C)C2CCC34C ,-1.1211579520745063,train
CC(=O)C1(O)CCC2C3CCC4=CC(=O)CCC4(C)C3CCC21C,-0.4597247231990479,train
CC13CCC(=O)C=C1CCC4C2CCC(C(=O)CO)C2(CC(O)C34)C=O ,-0.4756920213357634,train
CCC(=O)OC3CCC4C2CCC1=CC(=O)CCC1(C)C2CCC34C ,-1.2111554506632665,train
CC12CCC3C(CCC4=CC(=O)CCC34C)C2CCC1O,-0.5579477996158129,train
CC(=O)OCC(=O)C1(O)CCC2C3CCC4=CC(=O)CCC4(C)C3C(O)CC21C,-0.9740652662090055,train
CC(=O)OC3(C)CCC4C2CCC1=CC(=O)CCC1(C)C2CCC34C ,-1.1695437040039471,train
CC12CC(O)C3C(CCC4=CC(=O)CCC34C)C2CCC1C(=O)CO,-0.1805389345661734,train
CC34CCC1C(CCC2=CC(=O)CCC12O)C3CCC4(O)C#C,-0.8240694352277387,train
CC(=O)OC3(CCC4C2CCC1=CC(=O)CCC1C2CCC34C)C#C,-0.9353566646654526,train
CCNc1nc(Cl)nc(n1)N(CC)CC,-0.5773021003875892,train
CCNc1nc(Cl)nc(NC(C)C)n1,-0.4756920213357634,train
CCN(CC)c1nc(Cl)nc(NC(C)C)n1,-0.44424128258162676,train
COc1nc(NC(C)C)nc(NC(C)C)n1,0.18816049513616695,train
CCN(CC)c1nc(Cl)nc(n1)N(CC)CC,-0.7471360896599275,train
CCNc1nc(NC(C)C)nc(SC)n1,-0.08376743070729133,train
CCNc1nc(NC(C)(C)C)nc(SC)n1,-0.5482706492299249,train
CCNc1nc(NC(C)C)nc(OC)n1,0.3788003577381645,train
CCNc1nc(Cl)nc(NCC)n1 ,-0.8143922848418502,train
CSc1nc(nc(n1)N(C)C)N(C)C,0.09235670631587382,train
COCCCNc1nc(NC(C)C)nc(SC)n1,-0.029575388546317374,train
CCNc1nc(Cl)nc(NC(C)(C)C#N)n1,-0.13699175782967637,train
CN(C)c1nc(nc(n1)N(C)C)N(C)C,-0.24053726695868008,train
CC(C)Nc1nc(Cl)nc(NC(C)C)n1,-0.7563293825265209,train
CSc1nc(NC(C)C)nc(NC(C)C)n1,-0.5966564011593657,train
CCNc1nc(NC(C)(C)C)nc(OC)n1,-0.18005507704687884,train
c1ccncc1,1.7548911426114664,train
Cc1ccncc1C,1.5613481348937024,train
Cc1cccc(C)n1,1.6048953116301994,train
Cc1cccnc1C,1.5710252852795905,train
Oc1ccccn1,1.8806940976280129,train
Cc1ccnc(C)c1,1.5710252852795905,train
CCOP(=S)(OCC)Oc1nc(Cl)c(Cl)cc1Cl ,-1.3563127064515894,train
c1nccc(C(=O)NN)c1,1.3915141456213644,train
COC(=O)c1cccnc1 ,1.1645849690722863,train
CCc1ccccn1,1.633926762787864,train
Cc1cncc(C)c1,1.5710252852795905,train
NC(=O)c1cccnc1 ,1.6823125147173048,train
Clc1cccc(n1)C(Cl)(Cl)Cl,-0.43214484459926633,train
Oc1ccncc1,1.8806940976280129,train
COc1ccc(cc1)C(c2ccc(OC)cc2)C(Cl)(Cl)Cl,-1.946618879990769,train
ClC(Cl)C(c1ccc(Cl)cc1)c2ccc(Cl)cc2,-2.0966147109720366,train
c1ccccc1C(O)c2ccccc2,0.15332275374696963,train
OC(c1ccc(Cl)cc1)(c2ccc(Cl)cc2)C(Cl)(Cl)Cl,-1.354377276374412,train
ClC(Cl)C(c1ccc(Cl)cc1)c2ccccc2Cl ,-1.7627530226588937,train
c1ccc(Cl)cc1C(c2ccc(Cl)cc2)(O)C(=O)OC(C)C,-0.8047151344559622,train
CN(C)C(=O)C(c1ccccc1)c2ccccc2 ,-0.05473597954962671,train
Clc1ccc(cc1)C(c2ccc(Cl)cc2)C(Cl)(Cl)Cl,-2.0724218350073165,train
C(c1ccccc1)c2ccccc2,-0.5869792507734777,train
CC(C)OC(=O)C(O)(c1ccc(Br)cc1)c2ccc(Br)cc2 ,-0.9982581421737259,train
ClC(Cl)C(c1ccc(Cl)cc1)c2ccc(Cl)cc2 ,-2.0966147109720366,train
Oc1ccc(Cl)cc1Cc2cc(Cl)ccc2O,-0.5255293458230875,train
CC(C)C1CCC(C)CC1O ,0.16299990413285784,train
OC1CCCCC1,1.1742621194581746,train
CCSC(=O)N(CC)C1CCCCC1 ,-0.25795613765327885,train
ClC1C(Cl)C(Cl)C(Cl)C(Cl)C1Cl,-0.857939461578347,train
C/C1CCC(\C)CC1,-0.7756836832982974,train
C1CCCCC1,-0.11279888186495596,train
CC1CCCCC1,-0.4756920213357634,train
C/C1CCCCC1\C,-0.6934279050182477,train
CCC1CCCCC1,-0.6692350290535273,train
OC1C(O)C(O)C(O)C(O)C1O,1.5565095597007583,train
Cc1ncnc2nccnc12,1.1616818239565196,train
Oc2ncc1nccnc1n2,0.4450888378814987,train
COc2cnc1ncncc1n2,0.8360457134713819,train
COc1ncnc2nccnc12 ,0.8500775815309198,train
COc2ncc1nccnc1n2,0.8500775815309198,train
Cc2ncc1nccnc1n2,1.3290965256323857,train
Cc2cnc1cncnc1n2,0.9739451064702888,train
COc2cnc1cncnc1n2,0.9468490853898017,train
c2cnc1ncncc1n2,1.396836578333603,train
CC34CC(O)C1(F)C(CCC2=CC(=O)C=CC12C)C3CC(O)C4(O)C(=O)CO,-0.39343624305571373,train
CC(=O)OCC(=O)C3(O)C(CC4C2CCC1=CC(=O)C=CC1(C)C2(F)C(O)CC34C)OC(C)=O ,-0.6111721267381981,train
CC12CC(O)C3C(CCC4=CC(=O)C=CC34C)C2CCC1(O)C(=O)CO,-0.15150748340850878,train
CC1CC2C3CCC4=CC(=O)C=CC4(C)C3(F)C(O)CC2(C)C1(O)C(=O)CO,-0.3498890663192167,train
CC(=O)OCC(=O)C3(O)CCC4C2CCC1=CC(=O)C=CC1(C)C2C(O)CC34C ,-0.7272979313688566,train
CCCCC(=O)OC3(C(C)CC4C2CCC1=CC(=O)C=CC1(C)C2(F)C(O)CC34C)C(=O)CO,-0.8918094879289559,train
CC1CC2C3CC(F)C4=CC(=O)C=CC4(C)C3(F)C(O)CC2(C)C1(O)C(=O)CO,-1.3287328278518082,train
CC4CC3C2CCC1=CC(=O)C=CC1(C)C2(F)C(O)CC3(C)C4(O)C(=O)COC(C)=O ,-0.9837424165948939,train
CC1CC2C3CCC(O)(C(=O)C)C3(C)CC(O)C2(F)C4(C)C=CC(=O)C=C14,-0.5961725436400716,train
O=C1N(COC(=O)CCCCC)C(=O)C(N1)(c2ccccc2)c3ccccc3,-1.460825930619182,train
O=C1N(COC(=O)CCCCCCC)C(=O)C(N1)(c2ccccc2)c3ccccc3,-1.769043170409721,train
O=C1N(COC(=O)CCCCCC)C(=O)C(N1)(c2ccccc2)c3ccccc3,-1.6616268011263622,train
O=C1NC(=O)C(N1)(c2ccccc2)c3ccccc3,-0.5952048286014828,train
O=C1N(COC(=O)CCCC)C(=O)C(N1)(c2ccccc2)c3ccccc3,-0.8763260473115347,train
O=C1N(COC(=O)C)C(=O)C(N1)(c2ccccc2)c3ccccc3,-0.7756836832982974,train
O=C1N(COC(=O)CC)C(=O)C(N1)(c2ccccc2)c3ccccc3,-0.9871294192299547,train
O=C1N(COC(=O)CCC)C(=O)C(N1)(c2ccccc2)c3ccccc3,-1.0664820523942382,train
CC1(C)C(C=C(Cl)Cl)C1C(=O)OC(C#N)c2ccc(F)c(Oc3ccccc3)c2,-2.1629031911153707,train
CC1(C)C(C=C(Br)Br)C1C(=O)OC(C#N)c2cccc(Oc3ccccc3)c2,-2.678211449163918,train
CC1(C)C(C=C(Cl)Cl)C1C(=O)OC(C#N)c2cccc(Oc3ccccc3)c2,-2.4919263042355704,train
CC1(C)C(C=C(Cl)Cl)C1C(=O)OCc2cccc(Oc3ccccc3)c2,-1.6567882259334181,train
CC1(C)C(C=C(Cl)C(F)(F)F)C1C(=O)OC(C#N)c2cccc(Oc3ccccc3)c2,-2.568859649803381,train
CC1(C)C(C(=O)OC(C#N)c2cccc(Oc3ccccc3)c2)C1(C)C,-1.528082125801105,train
CC(C)=CC3C(C(=O)OCc2cccc(Oc1ccccc1)c2)C3(C)C ,-1.1482539731549932,train
CCC(C)n1c(=O)[nH]c(C)c(Br)c1=O ,0.16638690676791856,train
Cc1c[nH]c(=O)[nH]c1=O ,0.6584700038903335,train
Fc1c[nH]c(=O)[nH]c1=O ,0.8660448796676353,train
O=c1cc[nH]c(=O)[nH]1 ,0.6671794392376328,train
CSCS(=O)CC(CO)NC(=O)C=Cc1c(C)[nH]c(=O)[nH]c1=O,0.42863768222548876,train
Cn1ccc(=O)[nH]c1=O,0.9966864098771261,train
Cc1[nH]c(=O)n(c(=O)c1Cl)C(C)(C)C,0.1852573500204006,train
OC3N=C(c1ccccc1)c2cc(Cl)ccc2NC3=O ,-0.5250454883037932,train
CN2C(=O)CN=C(c1ccccc1)c3cc(ccc23)N(=O)=O,-0.44956371529386513,train
O=C3CN=C(c1ccccc1)c2cc(ccc2N3)N(=O)=O,-0.44956371529386513,train
Clc1ccccc1C2=NCC(=O)Nc3ccc(cc23)N(=O)=O,-0.30585803206342554,train
CN2C(=O)CN=C(c1ccccc1)c3cc(Cl)ccc23,-0.4292416994835,train
OC3N=C(c1ccccc1Cl)c2cc(Cl)ccc2NC3=O,-0.3566630715893386,train
CCN2c1ncccc1N(C)C(=O)c3cccnc23 ,0.1194527273963608,train
CCN2c1ncccc1N(CC)C(=O)c3cccnc23 ,0.00332692276570253,train
CCN2c1nc(C)cc(C(F)(F)F)c1NC(=O)c3cccnc23 ,-0.6484291557238676,train
CCN2c1nc(N(C)(CCO))ccc1NC(=O)c3cccnc23 ,-0.23860183688150244,train
CCN2c1nc(Cl)ccc1N(C)C(=O)c3cccnc23 ,-0.6034304064294875,train
CCN2c1nc(C)cc(C)c1NC(=O)c3cccnc23 ,-0.8163277149190277,train
Nc3ccc2cc1ccccc1cc2c3 ,-1.1143839468043844,train
Cc1c2ccccc2c(C)c3ccccc13,-1.7917844738165585,train
c3ccc2c(O)c1ccccc1cc2c3 ,-0.9014866383148443,train
Cc1ccc2cc3ccccc3cc2c1,-1.980488906341378,train
Cc1c2ccccc2cc3ccccc13,-1.4627613606963594,train
c1ccc2cc3ccccc3cc2c1,-1.685335819571788,train
Clc2ccc(Oc1ccc(cc1)N(=O)=O)c(Cl)c2,-1.2547026273997632,train
CCOC(=O)NCCOc2ccc(Oc1ccccc1)cc2,-0.8869709127360119,train
COc2ccc(Oc1ccc(NC(=O)N(C)C)cc1)cc2,-0.6256878523170305,train
Oc1cc(Cl)ccc1Oc2ccc(Cl)cc2Cl,-0.7708451081053533,train
CN(C)C(=O)Nc2ccc(Oc1ccc(Cl)cc1)cc2,-0.9789038414019495,train
O(c1ccccc1)c2ccccc2,-0.5289163484581484,train
c1ccc2c(c1)ccc3c4ccccc4ccc23,-2.511280605007346,train
Cc1cc2c3ccccc3ccc2c4ccccc14,-1.7917844738165585,train
Nc3cc2c1ccccc1ccc2c4ccccc34 ,-1.6127571916776267,train
c1cccc2c3c(C)cc4ccccc4c3ccc12,-1.8014616242024464,train
Cc1c(C)c2c3ccccc3ccc2c4ccccc14,-2.0046817823060987,train
c2c(C)cc1nc(C)ccc1c2 ,0.44847584051655964,train
Oc2ccc1ncccc1c2 ,0.34202718627178935,train
Oc1cccc2ncccc12 ,0.15816132893991364,train
Oc1cccc2cccnc12 ,0.21622423125524287,train
c1ccc2ncccc2c1,0.7581446528649819,train
CCOP(=S)(OCC)Oc1cc(C)nc(n1)C(C)C,-0.3740819422839373,train
CCCCc1c(C)nc(nc1O)N(C)C ,0.30331858472823653,train
c1cncnc1,1.9194026991715658,train
CN(C)C(=O)Oc1nc(nc(C)c1C)N(C)C,0.4436372653236155,train
CCCCc1c(C)nc(NCC)nc1OS(=O)(=O)N(C)C ,-0.6256878523170305,train
CCCC1CCCC1,-0.9063252135077883,train
C1CCCC1,0.1097755770104726,train
CCCCCC1CCCC1,-1.5546942893622975,train
CC1CCCC1,-0.20957038572383782,train
CCOP(=S)(OCC)SC(CCl)N1C(=O)c2ccccc2C1=O,-1.680497244378844,train
CCOP(=S)(OCC)SC(CCl)N2C(=O)c1ccccc1C2=O,-1.680497244378844,train
O=C1NC(=O)c2ccccc12 ,0.12429130258930501,train
CCOP(=S)(OCC)N2C(=O)c1ccccc1C2=O,-0.23376326168855843,train
Oc1ccc(Cl)cc1C(=O)Nc2ccc(cc2Cl)N(=O)=O,-0.8869709127360119,train
c1c(NC(=O)c2ccccc2(I))cccc1,-0.6498807282817509,train
Cc1cccc(C)c1NC(=O)c2cc(c(Cl)cc2O)S(N)(=O)=O,-0.4466605701780988,train
c1ccccc1NC(=O)c2c(O)cccc2,-0.3498890663192167,train
CCN2c1cc(Cl)ccc1NC(=O)c3cccnc23 ,-1.2063168754703224,train
CCN2c1cc(OC)cc(C)c1NC(=O)c3cccnc23 ,-1.1061583689763792,train
CCN2c1ccccc1N(C)C(=O)c3cccnc23 ,-0.22118296618690367,train
CCN2c1cc(N(C)C)cc(C)c1NC(=O)c3cccnc23 ,-0.9697105485353561,train
Cn1c(=O)n(C)c2nc[nH]c2c1=O,0.7145974761284851,train
Cn1cnc2n(C)c(=O)[nH]c(=O)c12 ,0.16638690676791856,train
Cn2c(=O)n(C)c1ncn(CC(O)CO)c1c2=O,1.3049036496676651,train
Cn1cnc2n(C)c(=O)n(C)c(=O)c12,0.9633002410458118,train
OC1C=CC2C1C3(Cl)C(=C(Cl)C2(Cl)C3(Cl)Cl)Cl ,-1.2547026273997632,train
ClC2=C(Cl)C3(Cl)C1C=CCC1C2(Cl)C3(Cl)Cl ,-1.341796980872757,train
ClC1C=CC2C1C3(Cl)C(=C(Cl)C2(Cl)C3(Cl)Cl)Cl,-1.6693685214350726,train
Nc1c(C)c[nH]c(=O)n1 ,0.6816951648164651,train
Nc1cc[nH]c(=O)n1 ,0.8283039931626713,train
Nc1nc(=O)[nH]cc1F,0.9168499191935484,train
Cc2c(N)c(=O)n(c1ccccc1)n2C,1.085232335908003,train
Cc1cc(=O)n(c2ccccc2)n1C,1.7331175542432178,train
CN(C)c2c(C)n(C)n(c1ccccc1)c2=O ,1.2110352909245496,train
ON=Cc1ccc(o1)N(=O)=O ,0.32751146069295717,train
O=Cc1ccco1,1.3387736760182738,train
c1ccoc1,0.9903962621262988,train
CCCCC1C(=O)N(N(C1=O)c2ccccc2)c3ccccc3 ,-0.45633772056398697,train
CC(=O)CCC1C(=O)N(N(C1=O)c2ccccc2)c3ccccc3,-0.1950546601450056,train
CCCCC1C(=O)N(N(C1=O)c2ccc(O)cc2)c3ccccc3 ,-0.41762911902043415,train
C1CCOC1,1.6242496124019756,train
CC1CCCO1,1.4403837550701,train
OCC1OC(O)(CO)C(O)C1O,1.6968282402961372,train
CCOC2Oc1ccc(OS(C)(=O)=O)cc1C2(C)C,-0.267633288039167,train
CNC(=O)Oc1cccc2CC(C)(C)Oc12,0.03235837392336715,train
CCOC(=O)CCN(SN(C)C(=O)Oc1cccc2CC(C)(C)Oc21)C(C)C,-0.8918094879289559,train
OC1CCCCCCC1,0.7629832280579261,train
C1CCCCCCC1,-0.6208492771240866,train
CN(C)C(=O)NC1CCCCCCC1,0.31396345015271365,train
Cc1ccc2c(ccc3ccccc32)c1,-1.4385684847316391,train
c1ccc2c(c1)ccc3ccccc32,-1.1579311235408813,train
Cc1cccc2c1ccc3ccccc32,-1.443407059924583,train
C(Cc1ccccc1)c2ccccc2,-0.8482623111924591,train
CCC(C(CC)c1ccc(O)cc1)c2ccc(O)cc2,-0.7563293825265209,train
c1ccccc1C(O)C(O)c2ccccc2,0.4533144157095037,train
CC1=CC(=O)CC(C)(C)C1 ,0.8742704574956403,train
CC(=C)C1CC=C(C)C(=O)C1,0.3904129382012304,train
CN(C)C(=O)OC1=CC(=O)CC(C)(C)C1 ,0.9758805365474663,train
CC1=CCC(CC1)C(C)=C,-0.6740736042464713,train
C1CCC=CC1,0.13396845297519322,train
CC1=CCCCC1,-0.1950546601450056,train
C1OC(O)C(O)C(O)C1O,1.5758638604725348,train
OCC1OC(O)C(O)C(O)C1O,1.745213992225578,train
C1CCOCC1,1.3726437023688827,train
O=C1NC(=O)NC(=O)C1(CC=C)c1ccccc1,0.24090096473925762,train
CCC1(C(=O)NC(=O)NC1=O)c2ccccc2 ,0.263642268146095,train
O=C1NC(=O)NC(=O)C1(CC)c1ccccc1,0.263642268146095,train
c1ccccc1n2ncc(N)c(Br)c2(=O),-0.12586303488590486,train
CNc2cnn(c1cccc(c1)C(F)(F)F)c(=O)c2Cl,-0.5705280951174678,train
Nc2cnn(c1ccccc1)c(=O)c2Cl,-0.005382512581596964,train
CC12CCC3C(CCc4cc(O)ccc34)C2CCC1O,-1.0466438941031673,train
CC34CCC1C(CCc2cc(O)ccc12)C3CCC4(O)C#C ,-0.6934279050182477,train
CC34CCC1C(CCc2cc(O)ccc12)C3CC(O)C4O ,-1.0103545801560863,train
c2ccc1scnc1c2 ,0.6613731490061,train
CCOc2ccc1nc(sc1c2)S(N)(=O)=O ,-0.45633772056398697,train
Sc2nc1ccccc1s2 ,-0.15150748340850878,train
c1cc2ccc(OC)c(CC=C(C)(C))c2oc1=O ,-0.7002019102883695,train
CCOP(=S)(OCC)Oc2ccc1oc(=O)c(Cl)c(C)c1c2,-1.2169617408947997,train
O2c1ccccc1N(CC)C(=O)c3ccccc23 ,-0.39343624305571373,train
O2c1ccc(N)cc1N(C)C(=O)c3cc(C)ccc23 ,-0.5134329078407273,train
C1Cc2c3c1cccc3cc4c2ccc5ccccc54,-2.411122098513403,train
c1cc(C)cc2c1c3cc4cccc5CCc(c45)c3cc2,-2.444992124864012,train
Cc1ncc(N(=O)=O)n1CCO,0.7968532544085347,train
Cc1ncc(N(=O)=O)n1CCO ,0.7774989536367584,train
NS(=O)(=O)c2cc1c(NCNS1(=O)=O)cc2Cl ,0.11461415220341681,train
NS(=O)(=O)c2cc1c(NC(NS1(=O)=O)C(Cl)Cl)cc2Cl ,0.09042127623869618,train
CC2=CC(=O)c1ccccc1C2=O ,-0.07892885551434713,train
ClC(Cl)CC(=O)NC2=C(Cl)C(=O)c1ccccc1C2=O,-1.0466438941031673,train
CCCCc1c(C)nc(NCC)[nH]c1=O,-0.0779611404757584,train
Sc1nccc(=O)[nH]1 ,0.28735128659152104,train
CC(=O)CC(c1ccccc1)c3c(O)c2ccccc2oc3=O ,-0.4964978946654229,train
CC(=O)CC(c1ccc(Cl)cc1)c2c(O)c3ccccc3oc2=O,-1.4380846272123449,train
CC1OC(CC(O)C1O)OC2C(O)CC(OC2C)OC8C(O)CC(OC7CCC3(C)C(CCC4C3CC(O)C5(C)C(CCC45O)C6=CC(=O)OC6)C7)OC8C ,-0.5874631082927723,train
CC1OC(CC(O)C1O)OC2C(O)CC(OC2C)OC8C(O)CC(OC7CCC3(C)C(CCC4C3CCC5(C)C(CCC45O)C6=CC(=O)OC6)C7)OC8C ,-1.1738984216775965,train
Cc1c[nH]c2ccccc12 ,0.21622423125524287,train
c2ccc1[nH]ccc1c2,0.6516959986202118,train
CCOP(=S)(OCC)SCn1c(=O)oc2cc(Cl)ccc12,-1.1448669705199321,train
Clc2ccc1oc(=O)[nH]c1c2,0.01735879082524016,train
NC(=O)NC1NC(=O)NC1=O ,0.612987397076659,train
O=C1CNC(=O)N1 ,1.1936164202299508,train
CC12CC(=O)C3C(CCC4=CC(=O)CCC34C)C2CCC1(O)C(=O)CO,-0.11763745705789995,train
CC(=O)OCC(=O)C3(O)CCC4C2CCC1=CC(=O)CCC1(C)C2C(=O)CC34C ,-0.6498807282817509,train
c3ccc2nc1ccccc1cc2c3,-0.38859766786276956,train
Nc2cccc3nc1ccccc1cc23 ,-0.6547193034746949,train
C1CCCCCC1,-0.31118046477566386,train
OC1CCCCCC1,0.9613648109686341,train
Nc1ncnc2nc[nH]c12 ,0.36138148704356576,valid
Nc1nc(O)nc2nc[nH]c12 ,-0.2584399951725732,valid
Fc1cccc(F)c1C(=O)NC(=O)Nc2cc(Cl)c(F)c(Cl)c2F ,-2.1353233125155895,valid
Fc1cccc(F)c1C(=O)NC(=O)Nc2ccc(Cl)cc2,-1.5256628382046327,valid
CC(=O)OC3(CCC4C2C=C(C)C1=CC(=O)CCC1(C)C2CCC34C)C(C)=O ,-1.2014783002773781,valid
CC(=O)C3(C)CCC4C2C=C(C)C1=CC(=O)CCC1(C)C2CCC34C,-1.1627696987338252,valid
CC34CCC1C(CCC2CC(O)CCC12C)C3CCC4=O,-0.6256878523170305,valid
CC12CCC(O)CC1CCC3C2CCC4(C)C3CCC4=O,-0.7427813719862777,valid
CCOP(=S)(OCC)Oc1nc(Cl)n(n1)C(C)C,-0.3827913776312366,valid
Nc1nc[nH]n1,1.6397330530193968,valid
CC12CCC(CC1)C(C)(C)O2 ,0.5936330963048826,valid
CC12CCC(CC1)C(C)(C)O2,0.5452473443754415,valid
Nc1ccc(cc1)S(=O)(=O)c2ccc(N)cc2,-0.10989573674918938,valid
Cc1cc(ccc1NS(=O)(=O)C(F)(F)F)S(=O)(=O)c2ccccc2,-0.45149914537104274,valid
CC(C)Oc1cc(c(Cl)cc1Cl)n2nc(oc2=O)C(C)(C)C,-1.3688930019532444,valid
CN(C)C(=O)Nc1ccc(c(Cl)c1)n2nc(oc2=O)C(C)(C)C,-0.7069759155584915,valid
c1ccnnc1,1.9194026991715658,valid
CCN(CC)C(=O)CSc1ccc(Cl)nn1,0.5568599248385074,valid
O2c1cc(C)ccc1N(C)C(=O)c3cc(N)cnc23 ,-0.08521900326517462,valid
O2c1ccccc1N(C)C(=O)c3cccnc23 ,-0.38956538290135845,valid
Oc2ccc1CCCCc1c2 ,0.4242829645518391,valid
C1CCc2ccccc2C1,-0.7272979313688566,valid
CCCC(C)C1(CC=C)C(=O)NC(=S)NC1=O ,-0.28698758881094344,valid
CCCC(C)C1(CC)C(=O)NC(=S)NC1=O ,-0.23860183688150244,valid
CC(C)C1CCC(C)CC1=O,0.25009425760585147,valid
O=C1CCCCC1,1.096844916371069,valid
CC1(C)C2CCC1(C)C(=O)C2,0.4387986901306714,valid
CC2(C)C1CCC(C)(C1)C2=O,0.49202301725305647,valid
Cc1cccc2c1Cc3ccccc32,-1.1385768227691049,valid
C1c2ccccc2c3ccccc13,-1.0321281685243349,valid
COC(=O)Nc1cccc(OC(=O)Nc2cccc(C)c2)c1,-0.9377759522619247,valid
CCOC(=O)Nc2cccc(OC(=O)Nc1ccccc1)c2 ,-0.8540686014239918,valid
NS(=O)(=O)c1cc(ccc1Cl)C2(O)NC(=O)c3ccccc23,-0.28263287113729385,valid
COP(=S)(OC)Oc1ccc(Sc2ccc(OP(=S)(OC)OC)cc2)cc1,-1.63065991989152,valid
O=C1NC(=O)C(=O)N1 ,1.1936164202299508,valid
CC1=C(C(=O)Nc2ccccc2)S(=O)(=O)CCO1,0.28348042643716576,valid
O=C1c2ccccc2C(=O)c3ccccc13,-1.124061097190273,valid
Cc1cc(no1)C(=O)NNCc2ccccc2,0.1963860729641721,valid
CC(C)(C)C(=O)C(Oc1ccc(Cl)cc1)n2cncn2,-0.3595662167051049,valid
N(Nc1ccccc1)c2ccccc2 ,-0.025704528391962092,valid
O=C(c1ccccc1)c2ccccc2,-0.12247603225084416,valid
Oc2cc(O)c1C(=O)CC(Oc1c2)c3ccc(O)c(O)c3,-0.36440479189804914,valid
O=C2NC(=O)C1(CCCCCCC1)C(=O)N2,-0.05570369458821564,valid
O=C(C=CC=Cc2ccc1OCOc1c2)N3CCCCC3,-0.28698758881094344,valid
COC1=CC(=O)CC(C)C13Oc2c(Cl)c(OC)cc(OC)c2C3=O,-0.18344207968193998,valid
C1CCC=CCC1,-0.15150748340850878,valid
COC(=O)c1ccccc1OC2OC(COC3OCC(O)C(O)C3O)C(O)C(O)C2O,1.0281371486312627,valid
ClC1CC2C(C1Cl)C3(Cl)C(=C(Cl)C2(Cl)C3(Cl)Cl)Cl,-1.9321031544119374,valid
CC(=O)SC4CC1=CC(=O)CCC1(C)C5CCC2(C)C(CCC23CCC(=O)O3)C45,-0.6319780000678578,valid
c1c(O)C2C(=O)C3cc(O)ccC3OC2cc1(OC),-0.036833251335733584,valid
C2c1ccccc1N(CCF)C(=O)c3ccccc23 ,-0.9348728071461585,valid
CC45CCC2C(CCC3CC1SC1CC23C)C4CCC5O,-1.230509751435043,valid
OCC2OC(OC1(CO)OC(CO)C(O)C1O)C(O)C(O)C2O ,1.7694068681902988,valid
N(=Nc1ccccc1)c2ccccc2,-0.7660065329124094,valid
C1c2ccccc2c3ccc4ccccc4c13,-1.8450088009389434,valid
O=C1NCCN1c2ncc(s2)N(=O)=O,-0.1708617841802852,valid
c1ccc2c(c1)c3cccc4ccc5cccc2c5c43,-2.3869292225486824,valid
C1CCC2CCCCC2C1,-1.124061097190273,valid
CCCCNC(=O)n1c(NC(=O)OC)nc2ccccc12,-0.9755168387668888,valid
ClC1(C2(Cl)C3(Cl)C4(Cl)C5(Cl)C1(Cl)C3(Cl)Cl)C5(Cl)C(Cl)(Cl)C24Cl,-1.9030717032542726,valid
O=C2NC(=O)C1(CCCC1)C(=O)N2,0.25057811512514583,valid
O=C1N(C2CCC(=O)NC2=O)C(=O)c3ccccc13,0.09235670631587382,valid
Cc2cccc3sc1nncn1c23 ,0.3855743630082864,valid
C1C=CCC=C1,0.3904129382012304,valid
COC(=O)Nc2nc1ccc(cc1[nH]2)C(=O)c3ccccc3,-0.4902077469145956,valid
CC34CCC1C(CCC2=CC(=O)CCC12C)C3CCC4=O,-0.39827481824865774,valid
OC(CC(c1ccccc1)c3c(O)c2ccccc2oc3=O)c4ccc(cc4)c5ccc(Br)cc5 ,-0.7635872453159374,valid
c2ccc1NCCc1c2 ,0.8839476078815285,valid
OC(C1=CC2C5C(C1C2=C(c3ccccc3)c4ccccn4)C(=O)NC5=O)(c6ccccc6)c7ccccn7 ,-0.5148844803986106,valid
CC34CCC1C(CCC2CC(=O)CCC12C)C3CCC4O ,-0.9077767860656716,valid
Nc2nc1[nH]cnc1c(=O)[nH]2 ,-0.346502063684156,valid
CC5(C)OC4CC3C2CCC1=CC(=O)C=CC1(C)C2(F)C(O)CC3(C)C4(O5)C(=O)CO ,-0.6982664802111918,valid
c2ccc1[nH]ncc1c2 ,0.34202718627178935,valid
CCN(Cc1c(F)cccc1Cl)c2c(cc(cc2N(=O)=O)C(F)(F)F)N(=O)=O,-1.8933945528683847,valid
NS(=O)(=O)c2cc1c(N=CNS1(=O)=O)cc2Cl ,-0.08860600590023533,valid
O=C2NC(=O)C1(CCCCCC1)C(=O)N2 ,-0.14570119317697586,valid
CC=C(C(=CC)c1ccc(O)cc1)c2ccc(O)cc2,-1.0079352925596143,valid
c1ccc2c(c1)c3ccccc3c4ccccc24,-1.8672662468264862,valid
CC1(OC(=O)N(C1=O)c2cc(Cl)cc(Cl)c2)C=C,-0.995838854577254,valid
NS(=O)(=O)c3cc2c(NC(Cc1ccccc1)NS2(=O)=O)cc3C(F)(F)F,-0.3498890663192167,valid
O=c2[nH]c(=O)c1[nH]c(=O)[nH]c1[nH]2 ,-0.5144006228793162,valid
C1c2ccccc2c3cc4ccccc4cc13,-2.503055027179341,valid
CC(C)NC(=O)N1CC(=O)N(C1=O)c2cc(Cl)cc(Cl)c2,-0.7302010764846232,valid
O=C2NC(=O)C1(CCCCC1)C(=O)N2,-0.09344458109317955,valid
c1ccc2cc3cc4ccccc4cc3cc2c1,-2.7740152379842105,valid
CCN2c1ncccc1N(C)C(=S)c3cccnc23 ,-0.8550363164625809,valid
O=C1CCC(=O)N1,1.5323166837360378,valid
c1ccc2c(c1)[nH]c3ccccc32,-1.1627696987338252,valid
c2ccc1nc(ccc1c2)c4ccc3ccccc3n4 ,-1.2256711762420989,valid
c1cc(O)c(O)c2OCC3(O)CC4=CC(=O)C(O)=CC4=C3c21,0.08074412585280798,valid
c1ccc2c3c(ccc2c1)c4cccc5cccc3c45,-2.4837007264075646,valid
COc2c1occc1c(OC)c3c(=O)cc(C)oc23 ,-0.0745741378406977,valid
Clc1ccc(CN(C2CCCC2)C(=O)Nc3ccccc3)cc1,-1.47485779867872,valid
c1ccc2c(c1)cnc3ccccc23 ,0.042035524309255355,valid
c1cC2C(=O)NC(=O)C2cc1,-0.031510818623495016,valid
COc2cc1c(N)nc(nc1c(OC)c2OC)N3CCN(CC3)C(=O)OCC(C)(C)O ,-0.3731142272453484,valid
CC1(C)C2CCC1(C)C(O)C2,0.26460998318468393,valid
CCCC1C(=O)N3N(C1=O)c2cc(C)ccc2N=C3N(C)C ,-0.3247284753159076,valid
C1(=O)NC(=O)NC(=O)C1(O)C2(O)C(=O)NC(=O)NC2(=O),0.4242829645518391,valid
C1CC=CC1,0.37105863742945394,valid
CCC2NC(=O)c1cc(c(Cl)cc1N2)S(N)(=O)=O,-0.20473181053089382,valid
OC(c1ccc(Cl)cc1)(c2cncnc2)c3ccccc3Cl,-0.7321365065618005,valid
O=c1[nH]cnc2[nH]ncc12 ,0.29073828922658196,valid
c1cc2ccc3ccc4ccc5ccc6ccc1c7c2c3c4c5c67,-3.128198942107719,valid
CN(C)C(=O)NC1CC2CC1C3CCCC23,-0.14715276573485914,valid
c1c(OC)c(OC)C2C(=O)OCC2c1,0.4683139988076304,valid
c1cc2ccc3ccc4ccc5cccc6c(c1)c2c3c4c56,-2.9762676810492743,valid
CC12CC2(C)C(=O)N(C1=O)c3cc(Cl)cc(Cl)c3,-0.9353566646654526,valid
CC34CCC1C(CC=C2CC(O)CCC12C)C3CCC4=O,-0.606333551545254,valid
O=C1NC(=O)C(=O)C(=O)N1 ,0.7823375288297024,valid
OC(Cn1cncn1)(Cn2cncn2)c3ccc(F)cc3F ,0.5162158932177769,valid
FC(F)(F)c1cccc(c1)N2CC(CCl)C(Cl)C2=O,-0.571011952636762,valid
CC1(C)CON(Cc2ccccc2Cl)C1=O,0.2559005478373844,valid
c1cc2ccc3cccc4ccc(c1)c2c34,-1.6011446112145609,test
Cc1cc(=O)[nH]c(=S)[nH]1,0.2084825109465323,test
Oc1ccc(cc1)C2(OC(=O)c3ccccc23)c4ccc(O)cc4 ,-0.016027378006073883,test
c1ccc2c(c1)cc3ccc4cccc5ccc2c3c45,-2.8219171323943573,test
C1=Cc2cccc3cccc1c23,-0.5289163484581484,test
CC1CO1,1.101683491564013,test
CCN2c1ccccc1N(C)C(=S)c3cccnc23 ,-0.8898740578517784,test
CC12CCC3C(CCc4cc(O)ccc34)C2CCC1=O,-0.5264970608616765,test
Cn2cc(c1ccccc1)c(=O)c(c2)c3cccc(c3)C(F)(F)F,-0.7635872453159374,test
ClC(Cl)(Cl)C(NC=O)N1C=CN(C=C1)C(NC=O)C(Cl)(Cl)Cl ,-0.6402035778958629,test
COc2c1occc1cc3ccc(=O)oc23 ,-0.38569452274700317,test
CN2C(=C(O)c1ccccc1S2(=O)=O)C(=O)Nc3ccccn3 ,-0.6256878523170305,test
Cc3cc2nc1c(=O)[nH]c(=O)nc1n(CC(O)C(O)C(O)CO)c2cc3C,-0.39585553065218576,test
c1ccc(cc1)c2ccc(cc2)c3ccccc3,-2.05306753423554,test
CC34CC(=O)C1C(CCC2=CC(=O)CCC12C)C3CCC4(=O) ,-0.2966647391968317,test
c1ccc2c(c1)sc3ccccc23,-0.7321365065618005,test
CC23Cc1cnoc1C=C2CCC4C3CCC5(C)C4CCC5(O)C#C,-1.2774439308066008,test
OC(C(=O)c1ccccc1)c2ccccc2,0.008165497958646526,test
OCC2OC(Oc1ccccc1CO)C(O)C(O)C2O,0.9758805365474663,test
CC3C2CCC1(C)C=CC(=O)C(=C1C2OC3=O)C,-0.10796030667201174,test
O=Cc2ccc1OCOc1c2 ,0.5984716714978268,test
CC1CCCCC1NC(=O)Nc2ccccc2,-0.6014949763523101,test
CC(=O)N(S(=O)c1ccc(N)cc1)c2onc(C)c2C ,-0.3498890663192167,test
C1N(C(=O)NCC(C)C)C(=O)NC1,0.3468657614647336,test
CNC(=O)Oc1ccccc1C2OCCO2,0.6275031226554912,test
CC1=C(CCCO1)C(=O)Nc2ccccc2 ,0.14848417855402543,test
Cn2c(=O)on(c1ccc(Cl)c(Cl)c1)c2=O,0.022681223537478944,test
C1Cc2cccc3cccc1c23,-0.853100886385403,test
c1ccc2cc3c4cccc5cccc(c3cc2c1)c45,-2.7207909108618256,test
Nc1cc(nc(N)n1=O)N2CCCCC2 ,0.4247668220711335,test
O=c2c(C3CCCc4ccccc43)c(O)c1ccccc1o2 ,0.013004073151590736,test
CC(C)C(Nc1ccc(cc1Cl)C(F)(F)F)C(=O)OC(C#N)c2cccc(Oc3ccccc3)c2,-2.485152298965448,test
Cc1c(F)c(F)c(COC(=O)C2C(C=C(Cl)C(F)(F)F)C2(C)C)c(F)c1F,-2.1551614708066604,test
c2ccc1[nH]nnc1c2,1.0097505628980752,test
c2ccc1ocnc1c2,0.8258847055661994,test
CCOC(=O)c1cncn1C(C)c2ccccc2,-0.9039059259113162,test
CCN2c1ccccc1N(C)C(=O)c3ccccc23 ,-0.9106799311814378,test
OCC(O)COC(=O)c1ccccc1Nc2ccnc3cc(Cl)ccc23,-0.8245532927470332,test
OCC1OC(OC2C(O)C(O)C(O)OC2CO)C(O)C(O)C1O,1.2690981932398788,test
CC34CCc1c(ccc2cc(O)ccc12)C3CCC4=O,-1.1482539731549932,test
ClC1=C(Cl)C(Cl)(C(=C1Cl)Cl)C2(Cl)C(=C(Cl)C(=C2Cl)Cl)Cl,-2.134355597477,test
ClC1(C(=O)C2(Cl)C3(Cl)C14Cl)C5(Cl)C2(Cl)C3(Cl)C(Cl)(Cl)C45Cl,-1.157447266021587,test
Oc1ccc(c(O)c1)c3oc2cc(O)cc(O)c2c(=O)c3O ,-0.10457330403695103,test
C1SC(=S)NC1(=O),0.5307316187966092,test
ClC(Cl)C(Cl)(Cl)SN2C(=O)C1CC=CCC1C2=O ,-1.2256711762420989,test
ClC1=C(Cl)C2(Cl)C3C4CC(C=C4)C3C1(Cl)C2(Cl)Cl,-1.6645299462421288,test
CC(=O)Nc1nnc(s1)S(N)(=O)=O ,0.2452556824129075,test
CC1=C(SCCO1)C(=O)Nc2ccccc2,-0.13215318263673237,test
CN(C(=O)COc1nc2ccccc2s1)c3ccccc3,-0.9706782635739448,test
CN(C(=O)NC(C)(C)c1ccccc1)c2ccccc2,-0.23376326168855843,test
Nc1nccs1 ,1.2129707210017273,test
CN(C=Nc1ccc(C)cc1C)C=Nc2ccc(C)cc2C,-1.2595412025927073,test
OCC(O)C2OC1OC(OC1C2O)C(Cl)(Cl)Cl ,0.49686159244600053,test
Nc3nc(N)c2nc(c1ccccc1)c(N)nc2n3,0.22396595156395344,test
CC2Nc1cc(Cl)c(cc1C(=O)N2c3ccccc3C)S(N)(=O)=O ,-0.44182199498515456,test
CN1CC(O)N(C1=O)c2nnc(s2)C(C)(C)C,0.47895886423210743,test
CCC1(C(=O)NC(=O)NC1=O)C2=CCC3CCC2C3,0.08267955592998562,test
CCC(C)C(=O)OC2CC(C)C=C3C=CC(C)C(CCC1CC(O)CC(=O)O1)C23 ,-1.5184049754152167,test
CC2Cc1ccccc1N2NC(=O)c3ccc(Cl)c(c3)S(N)(=O)=O ,-0.3479536362420393,test
o1c2ccccc2c3ccccc13,-0.8385851608065706,test
O=C(Nc1ccccc1)Nc2ccccc2,-0.13699175782967637,test
c1ccc2c(c1)c3cccc4c3c2cc5ccccc54,-2.594987955845279,test
COc1ccc(cc1)C(O)(C2CC2)c3cncnc3 ,0.13106530785942666,test
c1cnc2c(c1)ccc3ncccc23,0.09042127623869618,test
OCC1OC(CO)(OC2OC(COC3OC(CO)C(O)C(O)C3O)C(O)C(O)C2O)C(O)C1O,1.1887778450370068,test
CCOC(=O)c1ccccc1S(=O)(=O)NN(C=O)c2nc(Cl)cc(OC)n2,-0.8269725803435052,test
CC34CCC1C(=CCc2cc(O)ccc12)C3CCC4=O,-1.1685759889653584,test
CN(C)C(=O)Oc1cc(C)nn1c2ccccc2,0.37589721262239817,test
OC(Cn1cncn1)(c2ccc(F)cc2)c3ccccc3F,-0.24344041207444664,test
Cc1c2ccccc2c(C)c3ccc4ccccc4c13,-2.009520357499043,test
Cc3nnc4CN=C(c1ccccc1Cl)c2cc(Cl)ccc2n34,-0.5918178259664216,test
Cc3ccnc4N(C1CC1)c2ncccc2C(=O)Nc34 ,-0.1563460586014528,test
c1cc2cccc3c4cccc5cccc(c(c1)c23)c54,-2.8727221719202705,test
COc1cc(cc(OC)c1O)C6C2C(COC2=O)C(OC4OC3COC(C)OC3C(O)C4O)c7cc5OCOc5cc67,-0.3406957734526231,test
O=c1[nH]cnc2nc[nH]c12 ,0.2762225636477498,test
C1C(O)CCC2(C)CC3CCC4(C)C5(C)CC6OCC(C)CC6OC5CC4C3C=C21,-2.154677613287366,test
Cc1ccccc1n3c(C)nc2ccccc2c3=O,-0.028123815988434088,test
CCOc1ccc(cc1)C(C)(C)COCc3cccc(Oc2ccccc2)c3,-2.7740152379842105,test
CCC1(CCC(=O)NC1=O)c2ccccc2 ,0.2563844053566788,test
CC1CC(C)C(=O)C(C1)C(O)CC2CC(=O)NC(=O)C2 ,0.8404004311450317,test
CC(=O)C3CCC4C2CC=C1CC(O)CCC1(C)C2CCC34C ,-0.8627780367712915,test
Cc1ccc(OP(=O)(Oc2cccc(C)c2)Oc3ccccc3C)cc1,-1.5208242630116886,test
CSc1nnc(c(=O)n1N)C(C)(C)C,0.2970284369774092,test
Nc1ncnc2n(ccc12)C3OC(CO)C(O)C3O ,0.4436372653236155,test
O=C2NC(=O)C1(CC1)C(=O)N2 ,0.4746041465584578,test
C1Cc2ccccc2C1,-0.08376743070729133,test
c1ccc2cnccc2c1,0.6855660249708205,test
OCC1OC(C(O)C1O)n2cnc3c(O)ncnc23,0.7920146792155907,test
c2(Cl)c(Cl)c(Cl)c1nccnc1c2(Cl) ,-1.2401869018209308,test
C1OC1c2ccccc2 ,0.612987397076659,test
CCC(=C(CC)c1ccc(O)cc1)c2ccc(O)cc2 ,-0.5821406755805336,test
c1ccc2c(c1)c3cccc4cccc2c34,-1.5159856878187448,test
CC(C)C(C(=O)OC(C#N)c1cccc(Oc2ccccc2)c1)c3ccc(OC(F)F)cc3,-1.9398448747206478,test
CCCC1COC(Cn2cncn2)(O1)c3ccc(Cl)cc3Cl,-0.30295488694765915,test
O=C2CN(N=Cc1ccc(o1)N(=O)=O)C(=O)N2 ,-0.24827898726739064,test
NC(=O)c1cnccn1,1.0644264625783433,test
OC4=C(C1CCC(CC1)c2ccc(Cl)cc2)C(=O)c3ccccc3C4=O,-1.4825995189874304,test
O=C(Cn1ccnc1N(=O)=O)NCc2ccccc2,0.02751979873042294,test
CCC1(C(=O)NC(=O)NC1=O)C2=CCCCC2 ,0.33718861107884535,test
COC(=O)C1=C(C)NC(=C(C1c2ccccc2N(=O)=O)C(=O)OC)C ,-0.9160023638936763,test
O=C2NC(=O)C1(CCC1)C(=O)N2,0.5863752335154664,test
CCCOP(=S)(OCCC)SCC(=O)N1CCCCC1C,-0.6208492771240866,test
N(c1ccccc1)c2ccccc2,-0.3082773196598975,test
ClC(Cl)=C(c1ccc(Cl)cc1)c2ccc(Cl)cc2,-1.951457455183714,test
O=c2[nH]c1CCCc1c(=O)n2C3CCCCC3,-0.835682015690804,test
CCC1(C(=O)NCNC1=O)c2ccccc2,0.1097755770104726,test
O=C1CCCN1,1.9048869735927334,test
COc5cc4OCC3Oc2c1CC(Oc1ccc2C(=O)C3c4cc5OC)C(C)=C ,-0.751490807333577,test
ClC4=C(Cl)C5(Cl)C3C1CC(C2OC12)C3C4(Cl)C5(Cl)Cl,-1.6563043684141237,test
c1ccsc1,0.7436289272861496,test
c1ccc2c(c1)ccc3c2ccc4c5ccccc5ccc43,-2.420799248899291,test
Cc1occc1C(=O)Nc2ccccc2,-0.20957038572383782,test
OCC3OC(OCC2OC(OC(C#N)c1ccccc1)C(O)C(O)C2O)C(O)C(O)C3O ,1.0145891380910192,test
